file,day,t0,t1,fixes,nm,mx,avg,upAvg,dnAvg
787,2026-09-08,10:34,15:56,38341,37.5,16.4,7.04,5.55,12.19
Aretê 1872,2026-09-08,10:34,15:57,38676,36.7,16.1,6.87,5.44,11.93
Bábá,2026-09-08,11:34,15:49,30524,30.6,15.9,7.25,5.58,12.19
DIVA-NEU 8.9.2026,2026-09-08,10:37,16:16,40661,37.5,16.2,6.69,5.29,12.13
Dime Piece,2026-09-08,10:32,16:06,40135,37.7,16.9,6.8,5.59,11.99
Florida 65,2026-09-08,10:29,15:57,39326,37.8,16.9,6.96,5.49,12.39
GTG New 2026,2026-09-08,10:43,15:32,34082,34.5,16.3,7.21,5.48,12.44
J70 Let it be,2026-09-09,12:09,18:58,49042,37.8,20.0,5.6,4.6,13.12
J70 Let it be,2026-09-08,10:54,16:17,38571,35.4,16.2,6.63,5.35,11.44
JCurve,2026-09-08,10:51,15:48,35610,35.3,16.8,7.18,5.59,12.17
Jamaica,2026-09-08,09:14,15:56,48266,37.4,16.3,5.62,4.28,12.22
Lady in red 2,2026-09-08,10:45,15:57,37499,36.0,17.0,6.97,5.55,12.38
MidlifeCrisis,2026-09-08,10:40,15:54,187933,37.8,16.5,7.24,5.73,12.18
Mag,2026-09-09,12:16,18:08,42245,35.8,20.5,6.19,4.99,13.42
Mag,2026-09-08,10:39,15:49,37182,36.4,17.0,7.11,5.57,12.38
Mike's Vakaros,2026-09-08,11:50,15:44,28118,28.3,17.1,7.31,5.72,12.15
Moore DRV,2026-09-08,10:28,16:16,41794,37.9,15.9,6.56,5.36,11.52
NJK 8.9.2026,2026-09-08,10:34,15:59,38320,37.7,16.8,6.99,5.36,12.3
Nautique,2026-09-08,09:57,15:52,42274,36.6,16.1,6.25,4.72,12.14
Odessa,2026-09-07,12:31,16:53,156824,22.2,16.3,5.1,4.59,10.27
Patakin 3,2026-09-08,10:27,16:05,40617,38.1,16.2,6.8,5.38,12.26
Phantom7 8.9.2026,2026-09-08,10:44,15:50,36741,35.9,17.3,7.13,5.57,12.19
RO,2026-09-08,09:54,16:08,223229,39.8,16.8,6.45,4.92,12.1
Sassy,2026-09-08,10:46,15:53,36382,35.7,16.4,7.02,5.54,12.07
Sardonyx,2026-09-08,10:41,16:19,40499,37.4,16.4,6.69,5.28,12.37
TUR 442 08.09.2026,2026-09-08,10:55,16:05,37181,36.2,16.2,7.06,5.56,12.14
TYRA VAKAROS2,2026-09-08,10:31,16:42,43338,39.4,16.4,6.44,5.01,11.93
To Nessa,2026-09-08,10:48,15:47,34794,35.1,16.5,7.09,5.54,12.36
V-Tarte,2026-09-08,10:37,15:58,38490,36.1,16.3,6.82,5.46,11.89
Yupi,2026-09-09,12:08,18:55,48740,37.4,19.8,5.61,4.51,13.15
Yupi,2026-09-08,10:39,15:55,37936,36.6,16.7,7.03,5.47,12.1
joust70,2026-09-08,10:33,15:42,37078,36.8,17.0,7.2,5.64,12.37
noticia,2026-09-08,10:32,15:48,37979,36.9,16.5,7.05,5.5,12.33
Team Sweden (Roman),2026-09-08,11:02,16:07,36573,35.2,16.3,6.95,5.49,12.36
joust70,2026-09-09,16:32,17:49,9148,10.0,19.6,7.85,5.43,13.89
Moore DRV - vakaros,2026-09-10,11:20,16:59,40754,34.5,16.2,6.11,5.34,10.96
Vamos September,2026-09-10,11:05,16:54,41958,36.9,16.1,6.35,5.24,11.02
Yupi,2026-09-10,11:24,17:05,40963,33.6,16.6,5.94,5.06,11.44
J70 Let it be  10,2026-09-09,12:09,18:58,49042,38.1,20.0,5.6,4.6,13.12
Mag 11,2026-09-09,12:16,18:08,42245,36.1,20.5,6.19,4.99,13.42
Yupi 10,2026-09-09,12:08,18:55,48740,37.6,19.8,5.61,4.51,13.15
Lady in red 2,2026-09-10,11:19,17:42,45925,37.5,16.1,5.89,4.93,11.73
787,2026-09-10,11:08,17:20,44626,36.6,16.3,5.91,4.95,10.8
DIVA-NEU,2026-09-10,11:20,17:48,46578,38.6,17.0,5.97,4.98,11.05
GTG New 2026,2026-09-10,11:20,17:25,43741,38.1,17.1,6.28,5.23,11.42
J70 Let it be,2026-09-10,11:20,17:53,47081,37.5,17.1,5.75,4.68,11.84
MidlifeCrisis,2026-09-10,11:18,17:31,44725,39.2,17.9,6.33,5.2,11.33
Mag,2026-09-10,11:30,16:48,38164,32.9,17.4,6.23,5.09,10.92
Moore DRV,2026-09-10,11:20,16:59,40754,34.5,16.2,6.11,5.34,10.96
Patakin 3,2026-09-10,11:33,17:37,43737,37.5,16.9,6.2,5.09,12.05
RO,2026-09-10,10:26,18:04,274308,39.9,17.0,5.24,4.33,11.33
Sardonyx,2026-09-10,12:10,17:47,40383,33.0,17.4,5.89,4.69,11.74
The Bull,2026-09-10,12:18,17:46,39385,33.0,16.6,6.05,4.82,12.28
V-Tarte,2026-09-10,11:27,17:25,42995,35.9,17.4,6.03,5.1,11.43
Vamos,2026-09-10,11:05,16:54,41958,36.9,16.1,6.35,5.24,11.02
joust70,2026-09-10,11:20,17:01,40928,36.0,17.2,6.35,5.22,12.26
Dime Piece,2026-09-10,10:54,17:47,49486,36.5,17.4,5.31,4.58,11.29
Henrique,2026-09-10,11:16,17:27,44522,37.2,16.7,6.03,5.2,11.21
Nautique,2026-09-10,11:03,17:52,49081,38.0,17.6,5.58,4.77,11.74
Team Sweden (Roman),2026-09-09,12:09,18:53,48443,37.5,19.8,5.59,4.56,13.57
Team Sweden (Roman),2026-09-10,11:18,17:04,41538,35.1,17.0,6.1,4.9,12.04
Team Sweden (Roman),2026-09-11,11:01,15:44,33926,33.1,17.6,7.04,5.41,12.64
Lady in red 2,2026-09-11,10:33,15:44,37247,34.4,16.5,6.68,5.34,12.28
Liquid Sun,2026-09-11,09:29,15:42,44698,35.3,16.9,5.7,4.25,12.78
787,2026-09-11,11:06,15:33,32079,31.4,17.1,7.07,5.39,12.42
Areté,2026-09-11,15:51,16:08,2052,0.5,5.9,1.66,1.66,
Ba ba,2026-09-11,11:24,15:50,31920,31.9,16.5,7.21,5.71,12.1
DIVA-NEU,2026-09-11,10:29,15:50,38481,36.0,17.1,6.75,5.31,12.37
Dime Piece,2026-09-11,10:12,15:46,40058,34.6,16.9,6.23,5.0,11.99
GTG New 2026,2026-09-11,11:14,15:18,27921,30.0,17.1,7.39,5.58,12.27
J70 Let it be,2026-09-11,10:38,15:40,36241,32.7,17.6,6.51,5.09,12.58
MidlifeCrisis,2026-09-11,11:06,15:25,31079,32.0,17.6,7.44,5.75,12.4
Mag,2026-09-11,11:02,15:33,32597,32.8,17.0,7.28,5.64,12.38
Mike's Vakaros,2026-09-11,11:58,15:25,24849,26.2,18.6,7.61,5.67,12.65
Moore DRV,2026-09-11,10:23,15:47,38947,34.1,17.2,6.3,5.06,12.01
Nautique,2026-09-11,10:26,15:47,38510,34.5,17.5,6.47,5.03,12.81
Odessa,2026-09-11,11:00,15:59,179430,32.2,17.3,6.48,5.17,12.08
Patakin 3,2026-09-11,11:03,15:54,34993,34.9,17.5,7.21,5.58,12.51
RO,2026-09-11,09:54,16:23,231466,39.2,18.1,5.9,4.51,12.48
Sardonyx,2026-09-11,11:24,15:56,32694,32.0,16.6,7.05,5.51,12.3
Sirena Chico,2026-09-11,10:30,15:50,38327,35.9,17.3,6.78,5.36,12.25
TYRA,2026-09-11,10:40,15:45,36536,34.6,17.1,6.85,5.47,12.07
The Bull,2026-09-11,10:18,16:10,42226,36.5,16.9,6.24,4.98,12.2
V-Tarte,2026-09-11,10:29,15:39,37281,34.0,16.1,6.58,5.29,11.76
Vamos,2026-09-11,10:31,15:36,36515,34.3,17.7,6.79,5.43,12.54
Yupi,2026-09-11,10:38,15:37,35844,34.6,16.7,7.0,5.47,12.19
joust70,2026-09-11,10:47,15:21,32941,31.2,17.3,6.83,5.2,12.39
noticia,2026-09-11,09:35,15:41,43836,33.5,16.7,5.51,4.16,12.62
